{"tau": 2000.0, "goal": 24, "output": [[0.0, 0.0, 0.0, 0.0, 24.99998189738787, 0.0, 49.999999581500205, 49.99986665226239, 24.99997173819638, 24.999098224056727, 0.0, 24.99977027788997, 0.0, 24.99997662351189, 24.999991774453697, 24.979671718297595, 24.999992141807617, 24.999993198735986, 0.0, 0.0, 49.59987681103787, 49.47102268580167, 49.99999670714368, 0.0, 0.0, 0.0, 24.99895034380288, 24.989750263808002, 49.9999903842304, 24.999931221303623], [24.951547268327015, 0.0, 0.0, 49.998200831999995, 24.79999513419317, 24.99993484132352, 49.855795167231996, 0.0, 24.999892230130893, 24.686297087999996, 0.0, 24.989983100108798, 0.0, 0.0, 0.0, 24.97502642176, 24.9999658057728, 0.0, 0.0, 0.0, 43.6670464, 0.0, 0.0, 49.996286001151994, 0.0, 49.99968345097764, 0.0, 24.99650071088333, 0.0, 0.0], [24.999577684677753, 24.998506105436896, 0.0, 0.0, 0.0, 24.997028167679996, 0.0, 49.9999641698304, 0.0, 0.0, 0.0, 0.0, 0.0, 24.99965305749504, 0.0, 0.0, 24.996929916108797, 0.0, 49.9924992, 0.0, 0.0, 46.2776696832, 49.998847795003385, 0.0, 99.99999991808, 47.884697599999996, 24.999256555257855, 24.999947290017793, 49.98397362176, 24.991874253062143], [24.999897514953936, 0.0, 49.99996404274299, 0.0, 0.0, 0.0, 0.0, 49.996693504, 24.990562532720638, 0.0, 24.99459284992, 24.967479295999997, 23.371775999999997, 24.99988184704745, 24.999974858842435, 0.0, 24.99987649855488, 0.0, 49.995448319999994, 24.999981897555642, 0.0, 36.935024639999995, 0.0, 0.0, 99.99871999999999, 0.0, 24.991335972863997, 24.999476523433984, 49.84319901696, 0.0], [24.999999450875585, 24.999831180071222, 0.0, 49.998577663999995, 0.0, 0.0, 49.99999052578816, 0.0, 24.999959382565322, 24.999050923212796, 0.0, 24.99926032384, 0.0, 0.0, 24.995461983109116, 0.0, 0.0, 0.0, 0.0, 0.0, 49.59999016986214, 0.0, 49.999998826315775, 0.0, 0.0, 49.9976667136, 0.0, 24.999330842673153, 49.99925530624, 24.999870316570213], [24.99999966242232, 24.9041125376, 0.0, 49.999134719999994, 24.99902708538933, 0.0, 0.0, 0.0, 24.999980687918367, 24.999412786790398, 0.0, 0.0, 0.0, 0.0, 0.0, 24.906629119999998, 0.0, 0.0, 0.0, 24.99836602692403, 0.0, 0.0, 49.99996191539199, 49.996287574015994, 0.0, 49.98145048575999, 0.0, 0.0, 49.99655325696, 0.0], [24.999987818402936, 24.988830924800002, 0.0, 49.998970879999995, 24.999988462648034, 0.0, 0.0, 49.99932215296, 0.0, 0.0, 0.0, 0.0, 24.851844176438888, 24.999852582130153, 24.991598169292796, 0.0, 0.0, 0.0, 0.0, 0.0, 49.46591744, 47.655556481024, 0.0, 49.996281937919996, 99.99999991808, 0.0, 24.26146127872, 0.0, 49.999665168384, 0.0], [0.0, 0.0, 49.999919316992006, 49.9945472, 24.994155331583997, 24.999436222464, 49.99983005695999, 0.0, 24.99978329063424, 0.0, 24.99504635904, 24.98951036010496, 0.0, 0.0, 0.0, 0.0, 24.990384128, 0.0, 49.99605833579888, 24.999105705017346, 0.0, 0.0, 0.0, 0.0, 99.99999991808, 49.95564568576, 0.0, 0.0, 49.9991541448704, 24.99985194300211], [0.0, 0.0, 49.9993582501888, 49.9993296502784, 24.999576249722466, 24.999423492751358, 49.99997947904, 0.0, 0.0, 24.999707247902716, 0.0, 0.0, 24.99734805223047, 24.99978061005455, 0.0, 0.0, 24.999930248560638, 24.996912787108137, 0.0, 0.0, 0.0, 0.0, 49.999972516495355, 49.99554662399999, 0.0, 0.0, 24.993982368972798, 0.0, 0.0, 0.0], [24.956394327244798, 0.0, 0.0, 49.992990719999995, 24.999241504585154, 0.0, 0.0, 49.99971864575999, 0.0, 0.0, 0.0, 24.999253822668802, 24.776805456438886, 0.0, 24.853623603199996, 0.0, 23.9999766233088, 24.999538437652475, 49.99308902399999, 24.902375911194625, 49.2159799394304, 0.0, 0.0, 49.973248, 0.0, 49.989489131519996, 24.997133388087292, 0.0, 49.99677849632768, 24.99997175245701], [0.0, 24.990370129510396, 49.98275072, 0.0, 24.999809855678052, 24.999882926325757, 0.0, 0.0, 24.993491320832, 24.765114875903997, 0.0, 24.9785286656, 24.884051968, 0.0, 23.989288960000003, 23.957045248, 0.0, 0.0, 0.0, 24.99801649552294, 0.0, 0.0, 0.0, 49.992908799999995, 0.0, 49.535795199999995, 0.0, 24.99805277323264, 47.9994871808, 24.94536896164659], [0.0, 0.0, 0.0, 49.995751227392, 24.9993508159488, 0.0, 0.0, 49.9997605888, 0.0, 24.997927395000318, 24.98315215108571, 0.0, 0.0, 24.99995438996783, 24.999040332595197, 23.646208, 24.999971315410534, 24.99972788220068, 0.0, 0.0, 0.0, 47.931000094720005, 0.0, 0.0, 0.0, 48.6281216, 24.99927478823289, 0.0, 0.0, 0.0], [24.998258461145824, 24.99482137563727, 47.679995904, 49.997496319999996, 24.9996145328128, 24.995924803583996, 49.993707028479996, 49.99884046336, 24.99688831784059, 0.0, 0.0, 0.0, 0.0, 24.9995509891072, 0.0, 0.0, 0.0, 24.997427633192956, 49.99798783999999, 0.0, 47.5513782272, 0.0, 49.983934431232, 0.0, 0.0, 49.99807764109721, 0.0, 0.0, 0.0, 24.99974578516787], [24.999935549523357, 0.0, 49.95817472, 49.98029312, 24.999486092738557, 0.0, 49.999954706432, 0.0, 0.0, 24.998804151336955, 0.0, 24.9995542396928, 24.997991503846443, 0.0, 0.0, 0.0, 24.959424921599997, 0.0, 49.997578239999996, 0.0, 0.0, 47.67980403241779, 0.0, 49.99669738897407, 0.0, 49.995890687999996, 24.999284551398194, 24.99994810790707, 0.0, 0.0], [24.999971365826063, 24.924811817155295, 49.93024, 0.0, 0.0, 24.8332288, 49.999964012544, 47.99997935616, 0.0, 0.0, 24.987500544, 24.988860861644802, 24.948214864438885, 24.999695457714175, 0.0, 0.0, 0.0, 24.99947216941089, 49.987584, 24.614147719168, 44.423168, 48.1513472, 49.99999068831744, 0.0, 0.0, 49.830297599999994, 0.0, 0.0, 49.999943067238405, 0.0], [24.7961588072448, 21.629501440000002, 49.9833798656, 0.0, 0.0, 24.799762186239995, 49.586687836159996, 47.9358976, 23.94111629852672, 0.0, 19.824640000000002, 23.95291648, 0.0, 24.995410162483196, 23.998402501017598, 0.0, 0.0, 0.0, 49.97775359999999, 24.620141379584, 42.82368, 49.466638335999995, 0.0, 0.0, 0.0, 47.6798976, 0.0, 0.0, 49.9834869776384, 0.0], [24.999873105782378, 0.0, 0.0, 0.0, 24.99997195126702, 0.0, 0.0, 49.999966371839996, 24.99988706610381, 23.833743458304, 0.0, 0.0, 24.994051307392205, 0.0, 0.0, 0.0, 0.0, 0.0, 0.0, 24.9999239772373, 49.584324607999996, 47.64765388800001, 49.999990095872, 49.994233282559996, 0.0, 0.0, 24.998052993433596, 24.99982034521293, 49.919486984192005, 24.99974450422743], [0.0, 24.990948729066353, 49.999998358650885, 0.0, 24.984039668580355, 0.0, 0.0, 49.99997235396608, 24.99826093528187, 24.99975398503219, 21.299200000000003, 24.992937987276797, 24.99678680687575, 24.947195903999997, 0.0, 0.0, 24.9998885257216, 0.0, 0.0, 0.0, 0.0, 0.0, 49.998834696192, 0.0, 0.0, 0.0, 0.0, 0.0, 47.999975424, 0.0], [24.998069382676483, 0.0, 49.9286016, 0.0, 24.999614129840847, 24.9917835051008, 49.99982088192, 49.98328287232, 24.959886079033343, 24.887994875904, 0.0, 24.70477824, 0.0, 23.786782719999998, 0.0, 0.0, 0.0, 0.0, 0.0, 24.999996529455608, 49.4457946112, 49.188579573759995, 49.9988135936, 49.97775359999999, 99.9999488, 49.9920896, 0.0, 0.0, 0.0, 24.99995975265393], [0.0, 0.0, 0.0, 49.998888959999995, 0.0, 24.999873803714557, 49.999997097423666, 0.0, 0.0, 24.982060007423996, 0.0, 0.0, 24.985342352713317, 24.99745255784448, 0.0, 0.0, 24.99987845351997, 0.0, 0.0, 0.0, 0.0, 49.26622242701312, 0.0, 0.0, 0.0, 49.98635519999999, 0.0, 24.99990278425805, 49.99998958206976, 24.99993369531753], [24.998680998602342, 23.999056834755294, 49.5994863616, 49.989632, 0.0, 24.909281545420797, 0.0, 49.919872204799994, 24.99197784817664, 24.914535383039997, 24.725422079999998, 24.992512999424, 24.999355836906496, 0.0, 24.994153077145597, 0.0, 0.0, 0.0, 49.842175999999995, 24.986191797420034, 0.0, 47.90365388800001, 49.91989752791039, 49.99094271999999, 99.19999999999999, 0.0, 24.508832153599997, 24.99896829374628, 49.967615180799996, 0.0], [24.99869584350249, 0.0, 49.996054528, 49.979801599999995, 0.0, 24.991242177740798, 49.89173759999999, 0.0, 24.98326400335872, 24.997508677632, 24.947712327679998, 24.820809727999997, 0.0, 24.996713752166396, 24.990782901452796, 0.0, 19.9950336, 0.0, 49.99867596799999, 24.99981840115302, 49.055481856, 0.0, 0.0, 0.0, 99.19999999999999, 0.0, 24.97908703232, 24.99863063088333, 0.0, 24.70969344], [24.7999989094862, 0.0, 49.99989952512, 0.0, 0.0, 0.0, 