{"tau": 2000.0, "goal": 9, "output": [[0.0, 0.0, 24.999999961692325, 49.9999999998264, 0.0, 50.0, 24.999999999999613, 0.0, 0.0, 100.0], [50.0, 0.0, 0.0, 0.0, 0.0, 50.0, 24.99999999981869, 49.971199174246394, 24.99999999960985, 0.0], [49.99999992625933, 24.999999999968107, 0.0, 49.999998805402974, 24.999999961686214, 49.999997953638214, 0.0, 49.91741951318426, 0.0, 0.0], [49.9999976259563, 24.999999999999968, 0.0, 0.0, 0.0, 49.99999999999943, 0.0, 0.0, 24.999995414606897, 99.99999999997378], [0.0, 24.99999999917103, 0.0, 0.0, 0.0, 49.99999999998216, 24.999999556839782, 0.0, 24.99998340869221, 0.0], [0.0, 25.0, 24.99999996299686, 0.0, 24.99999999998479, 0.0, 0.0, 0.0, 0.0, 100.0], [49.999999985252295, 24.999975321599536, 24.999037065091017, 49.99998814153605, 0.0, 49.99999999999987, 0.0, 0.0, 24.999996538979055, 0.0], [0.0, 24.99999945642272, 0.0, 0.0, 24.999987189717686, 0.0, 24.99999999886098, 0.0, 0.0, 99.96799999999999], [0.0, 24.999999999999964, 24.999999959106567, 49.999999999643784, 0.0, 0.0, 0.0, 0.0, 0.0, 0.0], [0.0, 0.0, 0.0, 0.0, 0.0, 0.0, 0.0, 0.0, 0.0, 0.0]], "epsilon": 0.7, "R": [[-1.0, -1.0, 0.0, 0.0, -1.0, 0.0, 0.0, -1.0, -1.0, 100.0], [0.0, -1.0, -1.0, -1.0, -1.0, 0.0, 0.0, 0.0, 0.0, -1.0], [0.0, 0.0, -1.0, 0.0, 0.0, 0.0, -1.0, 0.0, -1.0, -1.0], [0.0, 0.0, -1.0, -1.0, -1.0, 0.0, -1.0, -1.0, 0.0, 100.0], [-1.0, 0.0, -1.0, -1.0, -1.0, 0.0, 0.0, -1.0, 0.0, -1.0], [-1.0, 0.0, 0.0, -1.0, 0.0, -1.0, -1.0, -1.0, -1.0, 100.0], [0.0, 0.0, 0.0, 0.0, -1.0, 0.0, -1.0, -1.0, 0.0, -1.0], [-1.0, 0.0, -1.0, -1.0, 0.0, -1.0, 0.0, -1.0, -1.0, 100.0], [-1.0, 0.0, 0.0, 0.0, -1.0, -1.0, -1.0, -1.0, -1.0, -1.0], [-1.0, -1.0, -1.0, -1.0, -1.0, -1.0, -1.0, -1.0, -1.0, 100.0]], "iterations": 100, "process_time": 5.626568078994751, "alpha": 0.8, "gamma": 0.5}