{"tau": 2000.0, "goal": 13, "output": [[0.0, 0.0, 25.0, 49.99997030398696, 24.999999288818987, 24.999999999999886, 49.99984742266828, 0.0, 0.0, 24.999999992141998, 50.0, 0.0, 0.0, 0.0, 0.0], [0.0, 0.0, 24.99994263834536, 0.0, 24.99999481822581, 0.0, 0.0, 0.0, 0.0, 0.0, 49.99743356901282, 49.999227912192, 49.999998730895356, 99.99998975999999, 24.999995133593856], [25.0, 0.0, 0.0, 0.0, 24.99999937968125, 24.99999999995463, 49.99986672434946, 0.0, 0.0, 24.999999931835575, 50.0, 49.999999999618666, 0.0, 0.0, 0.0], [24.9999999893702, 0.0, 24.99993381111327, 0.0, 0.0, 24.999999959589605, 49.99964652339141, 0.0, 0.0, 24.99999994836911, 49.99997353356165, 49.99999971676651, 49.99999941704155, 99.9999488, 0.0], [0.0, 49.99985151868506, 25.0, 0.0, 0.0, 24.999999999999886, 0.0, 0.0, 0.0, 0.0, 0.0, 0.0, 49.99999877278597, 0.0, 24.999999952579376], [0.0, 49.999960275419134, 0.0, 49.999740888678396, 0.0, 0.0, 0.0, 24.99999641695724, 0.0, 0.0, 49.99999999999984, 49.99999999836158, 49.99999860871529, 0.0, 24.999999688426055], [24.999999999985327, 0.0, 0.0, 0.0, 24.999995548791645, 24.999999999999833, 0.0, 0.0, 49.99929821455041, 24.999997490305432, 0.0, 49.99999999755168, 0.0, 99.9999488, 24.999992179743618], [24.999999999425487, 0.0, 0.0, 49.999853976027126, 0.0, 0.0, 49.995661311999996, 0.0, 49.99998971828296, 24.9999233097614, 49.999151084339196, 49.99999602347213, 0.0, 0.0, 0.0], [24.999999005668776, 49.99992819580878, 24.99787558559521, 49.999894937600004, 24.999995334023097, 24.999999566880096, 0.0, 0.0, 0.0, 0.0, 0.0, 0.0, 49.99999145377792, 99.9999995904, 0.0], [24.99999999999904, 0.0, 24.999999995512965, 0.0, 24.99991811115764, 0.0, 49.9996671985844, 24.999995932486023, 49.99972761510634, 0.0, 49.99999999697316, 0.0, 0.0, 0.0, 0.0], [24.99999999999878, 0.0, 24.999999999999606, 0.0, 24.99999936650611, 0.0, 0.0, 24.99999641858554, 0.0, 0.0, 0.0, 0.0, 0.0, 100.0, 24.99999910116839], [0.0, 0.0, 24.999999999996167, 49.99921172448542, 24.999998711382315, 0.0, 49.999338372752995, 0.0, 49.99973692859732, 0.0, 49.999999985080755, 0.0, 0.0, 99.99999999934464, 24.989201828025465], [0.0, 0.0, 0.0, 0.0, 0.0, 24.99999998682731, 0.0, 24.999978638019755, 49.97855781165465, 24.99999928154834, 49.9999998253859, 49.99999304258027, 0.0, 99.999999983616, 0.0], [0.0, 0.0, 0.0, 0.0, 0.0, 0.0, 0.0, 0.0, 0.0, 0.0, 0.0, 0.0, 0.0, 0.0, 0.0], [0.0, 0.0, 24.999999953594447, 49.9965540696064, 0.0, 24.999999994387448, 0.0, 0.0, 49.999768235069936, 24.99999961541893, 49.99999993084124, 49.99992629107097, 49.999991668736, 0.0, 0.0]], "epsilon": 0.7, "R": [[-1.0, -1.0, 0.0, 0.0, 0.0, 0.0, 0.0, -1.0, -1.0, 0.0, 0.0, -1.0, -1.0, -1.0, -1.0], [-1.0, -1.0, 0.0, -1.0, 0.0, -1.0, -1.0, -1.0, -1.0, -1.0, 0.0, 0.0, 0.0, 100.0, 0.0], [0.0, -1.0, -1.0, -1.0, 0.0, 0.0, 0.0, -1.0, -1.0, 0.0, 0.0, 0.0, -1.0, -1.0, -1.0], [0.0, -1.0, 0.0, -1.0, -1.0, 0.0, 0.0, -1.0, -1.0, 0.0, 0.0, 0.0, 0.0, 100.0, -1.0], [-1.0, 0.0, 0.0, -1.0, -1.0, 0.0, -1.0, -1.0, -1.0, -1.0, -1.0, -1.0, 0.0, -1.0, 0.0], [-1.0, 0.0, -1.0, 0.0, -1.0, -1.0, -1.0, 0.0, -1.0, -1.0, 0.0, 0.0, 0.0, -1.0, 0.0], [0.0, -1.0, -1.0, -1.0, 0.0, 0.0, -1.0, -1.0, 0.0, 0.0, -1.0, 0.0, -1.0, 100.0, 0.0], [0.0, -1.0, -1.0, 0.0, -1.0, -1.0, 0.0, -1.0, 0.0, 0.0, 0.0, 0.0, -1.0, -1.0, -1.0], [0.0, 0.0, 0.0, 0.0, 0.0, 0.0, -1.0, -1.0, -1.0, -1.0, -1.0, -1.0, 0.0, 100.0, -1.0], [0.0, -1.0, 0.0, -1.0, 0.0, -1.0, 0.0, 0.0, 0.0, -1.0, 0.0, -1.0, -1.0, -1.0, -1.0], [0.0, -1.0, 0.0, -1.0, 0.0, -1.0, -1.0, 0.0, -1.0, -1.0, -1.0, -1.0, -1.0, 100.0, 0.0], [-1.0, -1.0, 0.0, 0.0, 0.0, -1.0, 0.0, -1.0, 0.0, -1.0, 0.0, -1.0, -1.0, 100.0, 0.0], [-1.0, -1.0, -1.0, -1.0, -1.0, 0.0, -1.0, 0.0, 0.0, 0.0, 0.0, 0.0, -1.0, 100.0, -1.0], [-1.0, -1.0, -1.0, -1.0, -1.0, -1.0, -1.0, -1.0, -1.0, -1.0, -1.0, -1.0, -1.0, 100.0, -1.0], [-1.0, -1.0, 0.0, 0.0, -1.0, 0.0, -1.0, -1.0, 0.0, 0.0, 0.0, 0.0, 0.0, -1.0, -1.0]], "iterations": 100, "process_time": 25.552380084991455, "alpha": 0.8, "gamma": 0.5}