{"tau": 2000.0, "goal": 3, "output": [[0.0, 0.0, 25.0, 100.0, 0.0], [0.0, 0.0, 0.0, 99.99999999672319, 49.9710427136], [50.0, 49.99999997843779, 0.0, 0.0, 0.0], [0.0, 0.0, 0.0, 0.0, 0.0], [49.971199999999996, 0.0, 0.0, 99.99359999999999, 0.0]], "epsilon": 0.7, "R": [[-1.0, -1.0, 0.0, 100.0, -1.0], [-1.0, -1.0, -1.0, 100.0, 0.0], [0.0, 0.0, -1.0, -1.0, -1.0], [-1.0, -1.0, -1.0, 100.0, -1.0], [0.0, -1.0, -1.0, 100.0, -1.0]], "iterations": 100, "process_time": 0.8161611557006836, "alpha": 0.8, "gamma": 0.5}