{"tau": 2000.0, "goal": 19, "output": [[0.0, 24.999997187088923, 24.996269130776575, 24.98328576683042, 0.0, 0.0, 0.0, 0.0, 49.9814138642432, 0.0, 24.99980182516518, 0.0, 0.0, 0.0, 0.0, 49.999974063394944, 24.998931904048657, 0.0, 0.0, 99.99999999997378, 0.0, 49.99679583059959, 24.99951630431027, 0.0, 49.99982529692827], [49.99999964891106, 0.0, 24.95893864448, 0.0, 0.0, 49.99984964435967, 49.995448319999994, 49.982849024, 49.97107417088, 0.0, 24.989482918337522, 24.99961396616233, 0.0, 39.99903448409361, 24.993824189924247, 0.0, 0.0, 0.0, 0.0, 0.0, 24.991015328808956, 49.21344, 24.974285130956805, 0.0, 0.0], [0.0, 0.0, 0.0, 0.0, 23.96913664, 0.0, 49.99258112, 49.98373376, 49.903042559999996, 49.84012799999999, 23.071930449386482, 0.0, 24.509382655999996, 39.388868771839995, 24.997787244197593, 49.84127487999999, 0.0, 0.0, 0.0, 0.0, 24.69772132352, 47.923199999999994, 23.999854202060796, 0.0, 49.94048], [49.99352319972736, 24.999998172042364, 24.607490048, 0.0, 0.0, 0.0, 49.532928, 0.0, 0.0, 49.855283199999995, 0.0, 24.99984934546964, 0.0, 47.55898497708851, 24.997540497174615, 49.957666816, 0.0, 0.0, 0.0, 0.0, 0.0, 39.729152, 0.0, 0.0, 0.0], [0.0, 0.0, 0.0, 24.909668351786085, 0.0, 49.919754239999996, 49.95072, 0.0, 39.936, 49.9695616, 24.95640945292843, 0.0, 0.0, 39.39351743430656, 24.999553548063126, 49.915904, 24.992352829439998, 49.91999475712, 24.927377817599996, 96.0, 0.0, 0.0, 0.0, 0.0, 49.827839999999995], [49.996777881576925, 0.0, 24.8890851328, 0.0, 47.81190283264, 0.0, 49.99340031999999, 0.0, 0.0, 49.99922778112, 24.999329903149054, 0.0, 24.99978064780329, 0.0, 24.99346235247132, 0.0, 24.9812357218304, 49.9992516624384, 0.0, 99.99974399999999, 24.994224590028796, 0.0, 24.960999463321595, 21.670297599999998, 0.0], [0.0, 24.959953861083136, 0.0, 0.0, 47.07866509312, 0.0, 0.0, 49.9040256, 49.919610322943996, 49.9552256, 0.0, 24.999178703942448, 0.0, 0.0, 0.0, 49.981394124800005, 24.96764706816, 49.981312991231995, 0.0, 99.99974399999999, 0.0, 47.66720000000001, 18.944000000000003, 0.0, 0.0], [49.983999828274705, 23.808842137599996, 24.987269595136, 0.0, 47.999282804949, 0.0, 49.59723519999999, 0.0, 0.0, 0.0, 0.0, 24.988945261527036, 0.0, 0.0, 24.999807464478327, 49.59690752, 0.0, 49.981414572031994, 24.699863039999997, 99.96799999999999, 24.79986135007232, 0.0, 24.990802037964794, 39.276642304, 0.0], [0.0, 24.99992594939904, 24.976519331839995, 24.993569439509113, 0.0, 0.0, 49.990451199999995, 0.0, 0.0, 0.0, 24.983317763850238, 24.999940193658077, 24.999633092608, 0.0, 24.999466105238223, 0.0, 0.0, 49.9813318656, 24.931871542476802, 99.96799999999999, 24.990552267161597, 0.0, 0.0, 0.0, 49.88928], [0.0, 0.0, 23.59296, 0.0, 0.0, 49.996797968383994, 49.998888959999995, 49.98275072, 0.0, 0.0, 0.0, 0.0, 24.9995931942912, 46.373584896000004, 0.0, 49.61525759999999, 0.0, 0.0, 24.727552, 99.99998975999999, 24.996740836884477, 0.0, 0.0, 23.950831910912, 0.0], [49.99999304492606, 24.99953434033757, 0.0, 0.0, 0.0, 49.99970816, 0.0, 49.9017842688, 0.0, 49.903616, 0.0, 24.994624149494168, 0.0, 0.0, 24.982806243445832, 49.99992811978752, 24.9656468045824, 49.999662284799996, 0.0, 0.0, 23.787255889919997, 49.953259519999996, 24.922777557401595, 46.261950480384, 0.0], [0.0, 0.0, 24.982683648000002, 24.98035489114685, 43.377033216, 0.0, 49.9900416, 49.9838509645824, 49.913855999999996, 49.998613708799994, 0.0, 0.0, 24.9996109152256, 0.0, 24.999998701137468, 49.99993113444352, 0.0, 49.9997243080704, 24.68678729728, 0.0, 0.0, 0.0, 24.876810239999998, 0.0, 0.0], [0.0, 0.0, 0.0, 0.0, 0.0, 49.999577087999995, 0.0, 0.0, 49.98143583715328, 49.983242239999996, 0.0, 24.988609838841853, 0.0, 49.47179945326459, 24.9978278486034, 49.9992559616, 0.0, 0.0, 24.57581125632, 0.0, 0.0, 0.0, 0.0, 47.679790910168634, 49.9945472], [49.98092714802151, 24.99998133409284, 24.569741312, 24.973082623869132, 0.0, 49.59723519999999, 49.84012799999999, 0.0, 0.0, 0.0, 24.991769973222485, 24.924342494167036, 0.0, 0.0, 0.0, 49.918771199999995, 24.93308338176, 49.9198967414784, 24.772607999999998, 99.83999999999999, 24.994648382504955, 0.0, 24.996265915842557, 0.0, 49.98275072], [49.999998771429105, 24.99989216941415, 0.0, 0.0, 0.0, 49.855283199999995, 0.0, 0.0, 49.957568511999995, 49.99553024, 24.999282542090487, 24.99912559230976, 24.9997439270912, 0.0, 0.0, 49.99997435271971, 24.9902175092736, 49.9999993590407, 24.901701114789887, 0.0, 0.0, 0.0, 24.999289405466218, 0.0, 0.0], [0.0, 24.998679345516404, 0.0, 24.898397798399998, 43.396475798945794, 0.0, 0.0, 0.0, 0.0, 49.99933544890368, 0.0, 0.0, 24.999509538897918, 39.9730180068737, 24.999989756705975, 0.0, 24.868358193151998, 49.998704541696, 0.0, 99.9999488, 24.9817817153536, 49.963506073599994, 24.995488092651517, 45.756774481920004, 0.0], [0.0, 0.0, 0.0, 0.0, 0.0, 49.58658559999999, 49.998495743999996, 49.983994855424, 0.0, 0.0, 24.797015745495038, 24.204647417774076, 24.9622102016, 0.0, 24.913762496641404, 0.0, 0.0, 49.89427712, 0.0, 0.0, 24.996642249768957, 0.0, 0.0, 39.31035795456, 49.90198284288], [0.0, 24.99787229442867, 0.0, 24.970805247370848, 47.815869910220805, 0.0, 0.0, 49.9779108864, 0.0, 49.969971199999996, 0.0, 24.999876990082342, 0.0, 39.838474174464, 24.9999773515569, 0.0, 0.0, 0.0, 0.0, 99.99999999672319, 24.99869980963635, 49.98389759999999, 24.9999015348789, 0.0, 0.0], [0.0, 0.0, 0.0, 0.0, 20.47934464, 49.96595711999999, 0.0, 47.9744, 49.7664, 49.522687999999995, 24.987783580850422, 0.0, 0.0, 0.0, 24.7213522944, 46.64573952, 24.987449950208, 32.0, 0.0, 0.0, 23.987679657983996, 49.8814976, 24.9865728688128, 21.284945920000002, 0.0], [0.0, 0.0, 0.0, 0.0, 0.0, 0.0, 0.0, 0.0, 0.0, 0.0, 0.0, 0.0, 0.0, 0.0, 0.0, 0.0, 0.0, 0.0, 0.0, 0.0, 0.0, 0.0, 0.0, 0.0, 0.0], [0.0, 24.99999386459282, 0.0, 0.0, 42.38131200000001, 49.999722708991996, 0.0, 0.0, 49.9199991087104, 0.0, 24.9491058327552, 0.0, 0.0, 39.87899572499251, 24.99999303151071, 0.0, 0.0, 49.9999487295488, 0.0, 0.0, 0.0, 49.891328, 24.995846003097597, 0.0, 0.0], [49.994649599737855, 24.99883026087936, 0.0, 24.982605004145682, 0.0, 49.99986452889599, 0.0, 0.0, 49.8815434752, 0.0, 24.999908337341253, 0.0, 24.9984873660416, 0.0, 0.0, 0.0, 0.0, 49.999133860167674, 0.0, 99.99359999999999, 19.80416, 0.0, 0.0, 39.862923454054396, 0.0], [49.99165948721941, 24.999547180679166, 24.97710522368, 24.982832741749878, 0.0, 49.99984132915199, 49.99967539199999, 0.0, 49.9122798592, 0.0, 24.98502215595442, 24.99008509509632, 24.9993713156096, 0.0, 0.0, 49.99897088, 24.977285578752, 0.0, 0.0, 0.0, 24.997011442892795, 49.21344, 0.0, 0.0, 0.0], [0.0, 24.761021235199998, 24.598734438399998, 0.0, 0.0, 0.0, 0.0, 49.903616, 47.616, 0.0, 24.76210754945024, 24.996795381710847, 23.069818879999996, 36.7796220592128, 0.0, 49.534976, 24.885723135999996, 49.917435052032, 0.0, 96.0, 24.959253584281598, 0.0, 15.36, 0.0, 49.843372032], [49.522687999999995, 24.91420616163328, 0.0, 0.0, 38.400000000000006, 49.852416, 0.0, 0.0, 41.449472, 0.0, 23.841308671999997, 0.0, 24.96764575744, 0.0, 24.9268706066274, 49.854283775999995, 0.0, 49.9832127488, 0.0, 99.99974399999999, 24.941293993983997, 0.0, 24.9365340356608, 0.0, 0.0]], "epsilon": 0.7,