{"tau": 2000.0, "goal": 16, "output": [[0.0, 49.999999712362495, 49.9686399672278, 24.999999860363808, 49.99999484067834, 0.0, 49.99576647526409, 24.999981333932855, 24.984463806633606, 0.0, 24.99999531743338, 0.0, 24.999998934700105, 49.999871926599674, 0.0, 0.0, 0.0, 0.0, 0.0, 0.0], [0.0, 0.0, 0.0, 24.999911997835312, 0.0, 49.999974160662525, 0.0, 24.999915178429724, 24.840537571989863, 49.99994892353536, 24.99981354800775, 24.9978378723619, 0.0, 0.0, 24.99997186703439, 24.999200817151994, 99.999999983616, 0.0, 49.9992307695616, 49.99947878399999], [24.997054125073852, 49.8534187008, 0.0, 24.99566589033222, 0.0, 49.9999292260352, 0.0, 24.999420154504808, 0.0, 49.999871981587, 23.983226879999997, 24.954775508158406, 24.902399737423018, 49.98266879999999, 0.0, 24.991177113599996, 99.96799999999999, 0.0, 0.0, 49.274879999999996], [0.0, 49.99999973955836, 0.0, 0.0, 0.0, 0.0, 49.904638688231586, 0.0, 24.985818971071826, 49.999999999442466, 0.0, 24.999999996827853, 0.0, 0.0, 24.999805031211753, 0.0, 0.0, 49.996185598010214, 0.0, 49.996791805902845], [0.0, 0.0, 49.96863819776, 24.99986947309568, 0.0, 49.999998868258814, 0.0, 24.99997465714809, 24.7883338088448, 49.99992438790554, 0.0, 24.999999654391893, 24.999986941111736, 49.996139724799995, 24.959647036001485, 24.998996869119996, 99.99998975999999, 49.96341759999999, 0.0, 0.0], [24.999588933573918, 0.0, 0.0, 0.0, 49.99800422399999, 0.0, 41.382707200000006, 0.0, 24.833665137152884, 49.9999660048384, 0.0, 24.999934605279503, 0.0, 49.99970816, 0.0, 0.0, 99.99999999672319, 0.0, 0.0, 49.94293759999999], [24.99997978861731, 0.0, 0.0, 24.99975435190964, 49.999994814304614, 0.0, 0.0, 24.99993044376355, 0.0, 49.99935508290207, 0.0, 24.99999348974302, 24.99975417753195, 0.0, 24.999669453029373, 24.999555309240314, 99.99359999999999, 49.993698508799994, 0.0, 0.0], [24.999999604567062, 49.999335344046074, 49.958399985582076, 0.0, 49.99999320070553, 0.0, 49.91487973695925, 0.0, 0.0, 49.999257585517064, 0.0, 24.999999982534334, 0.0, 49.999596748799995, 0.0, 0.0, 0.0, 49.965056, 49.9997966336, 49.999847409257015], [24.999999450952345, 0.0, 49.90719918048542, 24.999999387984516, 0.0, 0.0, 0.0, 24.999980263008798, 0.0, 0.0, 24.99999165473148, 24.99999903035079, 24.999999895036225, 0.0, 0.0, 24.999508357245038, 0.0, 49.994301439999994, 0.0, 0.0], [0.0, 49.999999883938045, 0.0, 24.99999861280667, 49.971167232, 0.0, 0.0, 24.99087070081843, 0.0, 0.0, 24.999937468635547, 0.0, 24.99999982017944, 0.0, 24.99961569631273, 24.999255080959994, 99.99999999997378, 49.99628369512365, 49.994640654335996, 0.0], [24.999831407604155, 49.9999948324995, 0.0, 0.0, 49.999857057792, 0.0, 0.0, 24.99987927023485, 0.0, 49.981439992030815, 0.0, 24.999961472194713, 0.0, 49.99847935999999, 0.0, 24.999382220799994, 0.0, 0.0, 49.998495743999996, 0.0], [0.0, 49.99999995891751, 0.0, 24.999999991530043, 49.99998996414737, 0.0, 49.99555063457254, 0.0, 24.98045949869708, 49.99999999996682, 0.0, 0.0, 24.99999980748905, 0.0, 24.999997124741068, 0.0, 0.0, 0.0, 0.0, 0.0], [24.999935329239186, 49.9999999334862, 0.0, 0.0, 0.0, 49.99999994948234, 49.5863529472, 24.999975859301383, 0.0, 49.999960479891456, 0.0, 24.99999991233143, 0.0, 0.0, 24.999873115429274, 24.997704499199997, 0.0, 49.994137436097, 0.0, 0.0], [0.0, 49.999789057638395, 0.0, 0.0, 49.89427711999999, 49.99999841107968, 0.0, 24.999649490658918, 24.988369107434863, 49.9071794806784, 0.0, 24.999890875142437, 0.0, 0.0, 24.99933156367401, 24.094474239999997, 99.99974399999999, 0.0, 49.97079039999999, 0.0], [0.0, 49.99999433945907, 0.0, 24.999999997795413, 0.0, 49.999154905088, 49.5341854523392, 24.999944847020263, 24.984464552079537, 0.0, 24.999951050295216, 24.99999988192974, 0.0, 0.0, 0.0, 0.0, 0.0, 0.0, 0.0, 49.99956070399999], [24.999972038492135, 0.0, 0.0, 0.0, 0.0, 0.0, 49.99673445210075, 0.0, 24.953554170229555, 0.0, 0.0, 24.999658798725193, 24.9999998074809, 49.999134719999994, 24.999488062803145, 0.0, 0.0, 0.0, 0.0, 49.990451199999995], [0.0, 0.0, 0.0, 0.0, 0.0, 0.0, 0.0, 0.0, 0.0, 0.0, 0.0, 0.0, 0.0, 0.0, 0.0, 0.0, 0.0, 0.0, 0.0, 0.0], [24.99806359224099, 49.9982327087104, 0.0, 24.95999615308923, 0.0, 0.0, 49.98860636159999, 0.0, 24.93329839436595, 49.99985151048941, 24.999965821040067, 24.99556343604337, 24.99996561827399, 49.999871239782394, 0.0, 0.0, 99.99359999999999, 0.0, 49.995448319999994, 0.0], [0.0, 49.5999991414784, 49.85585664, 24.996252538277723, 0.0, 0.0, 48.95744, 0.0, 24.925542711453282, 0.0, 0.0, 0.0, 0.0, 49.999865053183996, 24.939781724674457, 0.0, 99.99998975999999, 49.9142656, 0.0, 0.0], [0.0, 0.0, 0.0, 24.99994798991291, 49.97824512, 49.998724202496, 0.0, 24.79838994838323, 24.786918437185125, 49.999339321806545, 0.0, 0.0, 24.945788014559234, 49.98365183999999, 0.0, 0.0, 99.99974399999999, 49.954734079999994, 0.0, 0.0]], "epsilon": 0.7, "R": [[-1.0, 0.0, 0.0, 0.0, 0.0, -1.0, 0.0, 0.0, 0.0, -1.0, 0.0, -1.0, 0.0, 0.0, -1.0, -1.0, -1.0, -1.0, -1.0, -1.0], [-1.0, -1.0, -1.0, 0.0, -1.0, 0.0, -1.0, 0.0, 0.0, 0.0, 0.0, 0.0, -1.0, -1.0, 0.0, 0.0, 100.0, -1.0, 0.0, 0.0], [0.0, 0.0, -1.0, 0.0, -1.0, 0.0, -1.0, 0.0, -1.0, 0.0, 0.0, 0.0, 0.0, 0.0, -1.0, 0.0, 100.0, -1.0, -1.0, 0.0], [-1.0, 0.0, -1.0, -1.0, -1.0, -1.0, 0.0, -1.0, 0.0, 0.0, -1.0, 0.0, -1.0, -1.0, 0.0, -1.0, -1.0, 0.0, -1.0, 0.0], [-1.0, -1.0, 0.0, 0.0, -1.0, 0.0, -1.0, 0.0, 0.0, 0.0, -1.0, 0.0, 0.0, 0.0, 0.0, 0.0, 100.0, 0.0, -1.0, -1.0], [0.0, -1.0, -1.0, -1.0, 0.0, -1.0, 0.0, -1.0, 0.0, 0.0, -1.0, 0.0, -1.0, 0.0, -1.0, -1.0, 100.0, -1.0, -1.0, 0.0], [0.0, -1.0, -1.0, 0.0, 0.0, -1.0, -1.0, 0.0, -1.0, 0.0, -1.0, 0.0, 0.0, -1.0, 0.0, 0.0, 100.0, 0.0, -1.0, -1.0], [0.0, 0.0, 0.0, -1.0, 0.0, -1.0, 0.0, -1.0, -1.0, 0.0, -1.0, 0.0, -1.0, 0.0, -1.0, -1.0, -1.0, 0.0, 0.0, 0.0], [0.0, -1.0, 0.0, 0.0, -1.0, -1.0, -1.0, 0.0, -1.0, -1.0, 0.0, 0.0, 0.0, -1.0, -1.0, 0.0, -1.0, 0.0, -1.0, -1.0], [-1.0, 0.0, -1.0, 0.0, 0.0, -1.0, -1.0, 0.0, -1.0, -1.0, 0.0, -1.0, 0.0, -1.0, 0.0, 0.0, 100.0, 0.0, 0.0, -1.0], [0.0, 0.0, -1.0, -1.0, 0.0, -1.0, -1.0, 0.0, -1.0, 0.0, -1.0, 0.0, -1.0, 0.0, -1.0, 0.0, -1.0, -1.0, 0.0, -1.0], [-1.0, 0.0, -1.0, 0.0, 0.0, -1.0, 0.0, -1.0, 0.0, 0.0, -1.0, -1.0, 0.0, -1.0, 0.0, -1.0, -1.0, -1.0, -1.0, -1.0], [0.0, 0.0, -1.0, -1.0, -1.0, 0.0, 0.0, 0.0, -1.0, 0.0, -1.0, 0.0, -1.0, -1.0, 0.0, 0.0, -1.0, 0.0, -1.0, -1.0], [-1.0, 0.0, -1.0, -1.0, 0.0, 0.0, -1.0, 0.0, 0.0, 0.0, -1.0, 0.0, -1.0, -1.0, 0.0, 0.0, 100.0, -1.0, 0.0, -1.0], [-1.0, 0.0, -1.0, 0.0, -1.0, 0.0, 0.0, 0.0, 0.0, -1.0, 0.0, 0.0, -1.0, -1.0, -1.0, -1.0, -1.0, -1.0, -1.0, 0.0], [0.0, -1.0, -1.0, -1.0, -1.0, -1.0, 0.0, -1.0, 0.0, -1.0, -1.0, 0.0, 0.0, 0.0, 0.0, -1.0, -1.0, -1.0, -1.0, 0.0], [-1.0, -1.0, -1.0, -1.0, -1.0, -1.0, -1.0, -1.0, -1.0, -1.0, -1.0, -1.0, -1.0, -1.0, -1.0, -1.0, 100.0, -1.0, -1.0, -1.0], [0.0, 0.0, -1.0, 0.0, -1.0, -1.0, 0.0, -1.0, 0.0, 0.0, 0.0, 0.0, 0.0, 0.0, -1.0, -1.0, 100.0, -1.0, 0.0, -1.0], [-1.0, 0.0, 0.0, 0.0, -1.0, -1.0, 0.0, -1.0, 0.0, -1.0, -1.0, -1.0, -1.0, 0.0, 0.0, -1.0, 100.0, 0.0, -1.0, -1.0], [-1.0, -1.0, -1.0, 0.0, 0.0, 0.0, -1.0, 0.0, 0.0, 0.0, -1.0, -1.0, 0.0, 0.0, -1.0, -1.0, 100.0, 0.0, -1.0, -1.0]], "iterations": 100, "process_time": 47.93346691131592, "alpha": 0.8, "gamma": 0.5}